{
  "i18n/i18n_fr.properties": 1680085112707,
  "i18n/i18n_en.properties": 1680085112707,
  "i18n/i18n_de.properties": 1680085112707,
  "i18n/i18n.properties": 1680085112707,
  "Component.js": 1680085112703,
  "changes/changes-bundle.json": 1680085112703,
  "manifest.json": 1680085112707,
  "changes/flexibility-bundle.json": 1680085112703,
  "Component-dbg.js": 1680085112703,
  "Component.js.map": 1680211947484,
  "Component-preload.js": 1680211947787,
  "Component-preload.js.map": 1680211947787,
  "index.html": 1680085112707
}